{
    "layers": [
      "buildingImage",
      "buildingText",
      "wall",
      "base",
      "door",
      "text",
      "marker",
      "path"
    ],
    "styles": [
      "color.mss",
      "inavistyle.mss"
    ],
    "nutiparameters": {
      "floorIndex": {
        "default": 0,
        "values": {
          "-5": -5,
          "-4": -4,
          "-3": -3,
          "-2": -2,
          "-1": -1,
          "0": 0,
          "1": 1,
          "2": 2,
          "3": 3,
          "4": 4,
          "5": 5,
          "6": 6,
          "7": 7,
          "8": 8,
          "9": 9,
          "10": 10,
          "11": 11,
          "12": 12,
          "13": 13,
          "14": 14,
          "15": 15,
          "16": 16,
          "17": 17,
          "18": 18,
          "19": 19,
          "20": 20
        }
      },
      "selectedObjectId": {
        "default": ""
      },
      "selectedTheme": {
        "default": "dark"
      },
      "buildingDisplay": {
        "default": "outdoor"
      },
      "emergencyMode": {
        "default": "false"
      },
      "language": {
        "default": "en"
      }
    },
    "name": "inavistyle",
    "files": {
      "icons/category/advice.png": {
        "md5": "3b9c1f32949b6f6b5df98ebabd74bbf2",
        "size": 779
      },
      "icons/category/disability.png": {
        "md5": "739f7fc84bd12fc81a4e2d0361a32017",
        "size": 1145
      },
      "icons/category/elevator.png": {
        "md5": "5c28eb3aa1a04acd673a146727f50dee",
        "size": 736
      },
      "icons/category/entrance.png": {
        "md5": "2c589dc94d3b8b42b0fd2de711b6a2a6",
        "size": 722
      },
      "icons/category/escalator.png": {
        "md5": "1b3f5eec0f991ff04510fa93cfd004ed",
        "size": 807
      },
      "icons/category/exit.png": {
        "md5": "8101820069ed9ef547e3e0c9f7356abb",
        "size": 725
      },
      "icons/category/firstaid.png": {
        "md5": "be8b2fd47476cc7bd3bbc2cdbc30d65f",
        "size": 578
      },
      "icons/category/information.png": {
        "md5": "7557229ea4fc60911e59c5dc3b9c3f8d",
        "size": 910
      },
      "icons/category/movingwalkway.png": {
        "md5": "7cd42a9ee6d7aaf6826748fb3c89a022",
        "size": 808
      },
      "icons/category/patientregistration.png": {
        "md5": "fdc24f9b20667d6099feb7b417ce5273",
        "size": 1047
      },
      "icons/category/security.png": {
        "md5": "77f49f44b4a5edee7559d6bc72a77ddb",
        "size": 1320
      },
      "icons/category/stairs.png": {
        "md5": "3ed006206f23f6cb6f7f4c89d448dae4",
        "size": 600
      },
      "icons/category/toilet.png": {
        "md5": "5bb61230eaae6e08e826e7c00d9c640c",
        "size": 707
      },
      "icons/category/toiletwoman.png": {
        "md5": "07049962ad9ff2b018b3c84b819e5776",
        "size": 828
      },
      "icons/category/0ELlTNRvPo.png": {
        "md5": "219f48c73c75df8e901b355601f5f63d",
        "size": 7804
      },
      "icons/category/3BnBMAvQ32.png": {
        "md5": "144141981e42ccef548c6c371c0e9229",
        "size": 21993
      },
      "icons/category/3EtRRxJ3Qd.png": {
        "md5": "e4d831cb52e87ae5e845f4263b376adc",
        "size": 7804
      },
      "icons/category/FfCk3E71Id.png": {
        "md5": "bddb245eda5afc93845ca9afd60823b6",
        "size": 14242
      },
      "icons/category/cirwUpBWkx.png": {
        "md5": "07049962ad9ff2b018b3c84b819e5776",
        "size": 6319
      },
      "icons/category/degM0DPIH1.png": {
        "md5": "c27386c6dc81450a11215f54e50a9148",
        "size": 17330
      },
      "icons/category/kfxn5ajXzj.pn": {
        "md5": "db8f34b7616a8f044dd5b82772495dd2",
        "size": 93283
      },
      "icons/category/ououRcPNsf.png": {
        "md5": "db8f34b7616a8f044dd5b82772495dd2",
        "size": 93283
      },
      "icons/category/rXBBYkJ3AP.png": {
        "md5": "13f45b47d6e9e2e7ff9daa110d1504c4",
        "size": 31643
      }
    }
  }
